MAV,G,MAV1,MAV2,SSI,VAR,TM3,TM5,RMS,LOG,WL,ZC,AAC,DASDV,FFT,PSR,MNF,WAMP,IEMG,logDetect,Label
0.031075731067233197,-28.818,0.5001249687578105,1.9987037150203826,8.529568000000001,0.002079980157672404,0.031075731067233197,0.00213185903524119,0.04617205903185594,0.0301107059641499,133.138,0.0,0.0332845,0.04929164229359781,2.375183474658589,0.02433504125328644,0.0,0.031075731067233197,124.33400000000002,120.47293456256375,ok
0.02982154461384654,-27.984,0.5003749062734316,1.9991767906561226,10.661168,0.0026157062903731706,0.02982154461384654,0.002664625843539115,0.05162001398236071,0.02880745856145633,119.334,0.0,0.029833500000000002,0.052021111099245086,2.8418657528091673,0.018358882649344405,0.0,0.02982154461384654,119.31600000000002,115.25864170438678,ok
0.028009747563109224,-26.685000000000002,0.5006248437890527,1.9995001249687578,14.791115,0.0036523712042496755,0.028009747563109224,0.0036968545363659086,0.060801764253727936,0.026917296647540313,111.81300000000002,0.0,0.027953250000000006,0.060642412963205876,3.5239339433287284,0.012032751540167913,1.6126639282073866e-17,0.028009747563109224,112.06700000000001,107.6961038868088,ok
0.033948262934266435,-26.025,0.5008747813046738,1.9995001249687578,24.545057,0.00609242043600572,0.033948262934266435,0.00613473056735816,0.07832452085623097,0.03234501111869993,136.32000000000002,0.0,0.034080000000000006,0.07919878786951225,4.598272655504266,0.006896819817575274,0.0,0.033948262934266435,135.827,129.41238948591842,ok
0.02527343164208948,-25.083000000000006,0.501124718820295,1.9995001249687578,29.280074999999997,0.007278886550919132,0.02527343164208948,0.0073181892026993245,0.08554641548714548,0.023957809003917183,98.626,0.0,0.0246565,0.08553484085447287,5.229976743318762,0.005370543271236733,2.173210870603478e-17,0.02527343164208948,101.11900000000001,95.85519382467265,ok
0.032014496375906025,-23.59,0.501374656335916,1.998912360434635,43.258736000000006,0.010777217882232766,0.032014496375906025,0.010811981004748814,0.10398067611219315,0.030142637339225203,125.055,0.0,0.03126375,0.10364773875970473,6.313369079444293,0.003215240805619085,0.0,0.032014496375906025,128.09,120.60069199424004,ok
0.031221944513871534,-23.011000000000003,0.5016245938515371,1.9991107612218415,55.703715000000024,0.013889370546266206,0.031221944513871534,0.013922448137965514,0.11799342413018411,0.029197362258939905,118.73100000000002,0.0,0.029682750000000004,0.11745251274451304,7.255133540592917,0.0023758459267735135,0.0,0.031221944513871534,124.91900000000001,116.81864639801856,ok
0.026091977005748564,-22.026,0.5018745313671582,1.9995001249687578,68.295796,0.017039375192442825,0.026091977005748564,0.017069681579605096,0.13065099149874485,0.024126208340019075,100.655,0.0,0.02516375,0.13021420141443868,8.1472436958123,0.0017754512303545143,0.0,0.026091977005748564,104.394,96.52895956841633,ok
0.026827793051737065,-21.03,0.5021244688827793,1.9995001249687578,85.73853600000001,0.021401649190051886,0.026827793051737065,0.021429276680829796,0.1463874198175164,0.0245880274584475,104.554,0.0,0.026138500000000002,0.14617111889836518,9.137989189334325,0.0012892404717798004,0.0,0.026827793051737065,107.338,98.37669786124845,ok
0.02920244938765309,-19.881000000000004,0.5023744063984004,1.9995001249687578,105.57050499999998,0.026361338704564054,0.02920244938765309,0.026386029742564356,0.16243777190839684,0.026638882672897195,106.16600000000001,0.0,0.026541500000000003,0.16190904699861586,10.147493626501156,0.0009357617739845063,0.0,0.02920244938765309,116.83900000000001,106.58216957426168,ok
0.033570357410647345,-18.767000000000003,0.5026243439140214,1.9987037150203826,128.52914700000002,0.03210225417014904,0.033570357410647345,0.03212425568607848,0.17923240690812162,0.030553837013775967,143.138,0.0,0.035784500000000004,0.1799117144601763,11.178909013943246,0.000684887959566802,2.0334439250569627e-17,0.033570357410647345,134.31500000000003,122.24590189211764,ok
0.03234566358410398,-18.013000000000005,0.5028742814296426,1.9991767906561226,150.66502499999999,0.03763657291475682,0.03234566358410398,0.03765684203949012,0.19405370916189704,0.02919822469259466,129.404,0.0,0.032351,0.19405523311675985,12.143168599071467,0.0006369786073128111,-1.8719730717488023e-17,0.03234566358410398,129.41500000000002,116.82209699507123,ok
0.030487878030492375,-16.656,0.5031242189452637,1.9995001249687578,174.78750000000002,0.04366862328182013,0.030487878030492375,0.0436859535116221,0.2090118501703243,0.02720960476445725,121.80100000000002,0.0,0.030450250000000005,0.20922753702608077,13.114315884996214,0.0006397096816010826,0.0,0.030487878030492375,121.982,108.86562866259345,ok
0.036452886778305424,-16.092,0.5033741564608848,1.9995001249687578,204.545692,0.051107465649708535,0.036452886778305424,0.05112364208947763,0.22610537828516514,0.03262476634013337,146.30800000000002,0.0,0.036577000000000005,0.22657750770983423,14.161480165417403,0.0006765006483049734,0.0,0.036452886778305424,145.848,130.53169012687363,ok
0.02776405898525369,-15.048000000000002,0.5036240939765059,1.9995001249687578,229.27921600000002,0.057291332060261616,0.02776405898525369,0.05730547763059236,0.23938562536332952,0.024194312859268916,108.58800000000001,0.0,0.027147,0.23933977521506952,15.07596790110504,0.0005733986878176468,3.015618602040301e-17,0.02776405898525369,111.084,96.80144574993493,ok
0.03452261934516371,-13.613,0.503874031492127,1.998912360434635,263.2597689999999,0.0657869163051652,0.03452261934516371,0.06579849262684326,0.2565121685745985,0.03037302862639843,135.123,0.0,0.03378075,0.2563578821686589,16.117061062995635,0.0006323797373043456,1.410411273762484e-17,0.03452261934516371,138.125,121.52248753422012,ok
0.03373031742064484,-13.001000000000003,0.504123969007748,1.9991107612218415,295.70494099999996,0.0738971994654423,0.03373031742064484,0.07390775831042239,0.27185981370997514,0.029408892119938367,128.69300000000004,0.0,0.03217325000000001,0.27142127265562666,17.10483401810201,0.0005906481012273745,-2.6579251922714385e-17,0.03373031742064484,134.955,117.6649773718734,ok
0.028570107473131715,-11.992999999999999,0.5043739065233691,1.9995001249687578,328.29329499999983,0.08204382553736725,0.028570107473131715,0.08205281054736312,0.2864486176391206,0.02429202720281143,110.66700000000002,0.0,0.027666750000000004,0.2864380216556454,18.065527981198418,0.00044386548406704534,0.0,0.028570107473131715,114.309,97.19240083844853,ok
0.029331917020744815,-11.004999999999995,0.5046238440389903,1.9995001249687578,365.7389150000001,0.09140431018776177,0.029331917020744815,0.09141187578105475,0.30234396931484303,0.024765972969199433,114.59200000000001,0.0,0.028648000000000003,0.302340290070642,19.06457729876838,0.0004709903800760094,0.0,0.029331917020744815,117.357,99.08865784976693,ok
0.03172531867033242,-9.923000000000002,0.5048737815546114,1.9995001249687578,405.57420699999983,0.10136205865291989,0.03172531867033242,0.10136820969757557,0.318383745969507,0.026823541896671226,116.212,0.0,0.029053000000000002,0.3179398394350729,20.073139033604466,0.0004808398901127582,0.0,0.03172531867033242,126.93299999999999,107.32099112858158,ok
0.05179555111222195,32.974000000000004,0.5051237190702325,1.9911532947649115,456.64885799999985,0.11406575975238882,0.05179555111222195,0.11413368107973003,0.33783676691522196,0.04550948560374761,184.07700000000003,0.0,0.046019250000000005,0.33620178427545555,21.181263176433312,0.004232212089017978,0.0,0.05179555111222195,207.234,182.08345190059418,ok
0.06085378655336166,33.784,0.505610097475631,1.9750049654856967,508.65135200000003,0.1270597559742781,0.06085378655336166,0.12713105523619095,0.3565544211423986,0.05341720506360615,214.58200000000002,0.0,0.053645500000000006,0.35280521963258993,22.26128446531144,0.004872591243404695,0.0,0.06085378655336166,243.476,213.7222374594882,ok
0.06582629342664335,34.79900000000001,0.5056295926018495,1.9711252674834292,555.8996290000001,0.13886452438552455,0.06582629342664335,0.1389401722069483,0.37274679369103675,0.05783910626363489,240.67200000000003,0.0,0.060168000000000006,0.37293869603461643,23.321993623516153,0.0017929520153701591,0.0,0.06582629342664335,263.37100000000004,231.4142641608032,ok
0.04354161459635091,35.791999999999994,0.5058735316170957,1.9991932201747113,585.6626440000001,0.14629903954778606,0.04354161459635091,0.14637906623344166,0.38259517277854105,0.037207014195930505,141.61900000000003,0.0,0.035404750000000006,0.3820102338288858,24.110453645882718,0.0017031429041684937,1.8856289439455858e-17,0.04354161459635091,174.21,148.86526379791795,ok
0.047637340664833785,36.95300000000001,0.5061234691327168,1.9977292725056677,636.636163,0.1590339583283384,0.047637340664833785,0.1591192609347663,0.3988975569425893,0.040835457280827187,164.905,0.0,0.04122625,0.39824439324364636,25.12420846443069,0.0020335909286961907,1.8095443408973093e-17,0.047637340664833785,190.59699999999998,163.38266458058956,ok
0.05398050487378155,38.406000000000006,0.506373406648338,1.993089465714676,692.534796,0.17299828366827313,0.05398050487378155,0.17309042639340166,0.4160413758190424,0.046397341934487336,188.70600000000002,0.0,0.0471765,0.4145573953025082,26.135538853706166,0.0034487091292934894,0.0,0.05398050487378155,215.976,185.63576507988384,ok
0.05033941514621345,39.41200000000001,0.506623344163959,1.9952084340511973,742.5870500000002,0.18550332932300548,0.05033941514621345,0.1856003624093977,0.4308136051814029,0.04284179167270705,173.411,0.0,0.04335275,0.4292871064334451,27.101213394358982,0.003114283607423738,-1.6775399899916608e-17,0.05033941514621345,201.40800000000002,171.4100084825009,ok
0.05117345663584104,40.103,0.5068732816795801,1.9914928072843072,798.0158170000001,0.19935362530324677,0.05117345663584104,0.19945409072731818,0.44660283331761136,0.04338876908987423,180.02700000000002,0.0,0.045006750000000005,0.4455628011290889,28.120341533450024,0.002489390864878352,0.0,0.05117345663584104,204.745,173.59846512858678,ok
0.04586278430392402,40.81099999999999,0.5071232191952012,1.9983708923275305,851.5158810000003,0.2127217197300276,0.04586278430392402,0.2128257638090478,0.46133042801125507,0.03823210789429792,150.58800000000002,0.0,0.03764700000000001,0.4600459716158811,29.069530166540737,0.003142545598577961,1.5639526674794192e-17,0.04586278430392402,183.497,152.966663685086,ok
0.046367408147963016,42.538,0.5073731567108223,1.99865874194723,910.532806,0.2274632713579916,0.046367408147963016,0.22757630742314422,0.477049585916542,0.03848906832205404,153.54700000000003,0.0,0.038386750000000004,0.4767464816335827,30.10816897681151,0.0005339881437927335,0.0,0.046367408147963016,185.51600000000002,153.99476235653822,ok
0.046237190702324425,43.61700000000001,0.5076230942264434,1.9990622235405906,970.994271,0.2425690525370407,0.046237190702324425,0.24268789577605598,0.49263363240450403,0.038175539273463815,156.32800000000003,0.0,0.039082000000000006,0.49212411950645135,31.09499040343928,0.0008266852941680838,1.4620801825784233e-17,0.046237190702324425,184.99500000000003,152.74033263312873,ok
0.04556735816045989,44.422999999999995,0.5078730317420644,1.9992502539198993,1033.433465,0.2581705167644605,0.04556735816045989,0.2582937928017996,0.5082261236908229,0.037326440703989154,156.88400000000001,0.0,0.039221000000000006,0.507549477391121,32.057833131924774,0.001986458621232903,0.0,0.04556735816045989,182.31500000000003,149.34308925666062,ok
0.04377905523619095,45.64000000000001,0.5081229692576856,1.9995001249687578,1097.1537500000004,0.27408975949901554,0.04377905523619095,0.27421988252936774,0.5236600830017195,0.03544085044680184,144.392,0.0,0.036098,0.5223636190432868,33.04516171047037,0.002197807772271501,0.0,0.04377905523619095,175.16,141.79884263765416,ok
0.0426445888527868,46.639,0.5083729067733067,1.99924494487163,1163.967071,0.2907831561698428,0.0426445888527868,0.2909190379905024,0.5393691110830341,0.034090955821011085,143.70399999999998,0.0,0.03592599999999999,0.5382249060569383,34.04903861129845,0.0018773949814785084,0.0,0.0426445888527868,170.62099999999998,136.39791423986534,ok
0.04392876780804799,47.42499999999999,0.5086228442889278,1.9985752165745116,1233.497671,0.30815684300906765,0.04392876780804799,0.3082973434141465,0.5552453002179726,0.035069802025131824,151.429,0.0,0.03785725,0.5540561851021971,35.04613315556928,0.0018801401574058342,0.0,0.04392876780804799,175.75900000000001,140.31427790255242,ok
0.042425643589102724,48.465,0.5088727818045489,1.9991862234859932,1303.6752850000005,0.32569063176970064,0.042425643589102724,0.3258373619095227,0.5708216550810968,0.033419371119071735,145.61899999999997,0.0,0.03640474999999999,0.5697631229291694,36.04053058267894,0.0018586996834038215,2.5229023275359045e-17,0.042425643589102724,169.745,133.710903847406,ok
0.04257735566108474,49.43999999999999,0.50912271932017,1.9995001249687578,1376.5055800000002,0.3438876916599392,0.04257735566108474,0.3440403849037741,0.5865495587789442,0.03334542220744991,144.41400000000002,0.0,0.036103500000000004,0.5854777544877345,37.0361923158199,0.0016912066225526724,0.0,0.04257735566108474,170.35200000000003,133.4150342520071,ok
0.042585353661584606,50.162000000000006,0.509372656835791,1.9985436698966972,1451.44277,0.3626128144623427,0.042585353661584606,0.36277000000000004,0.6023039099989307,0.03311833784757337,143.915,0.0,0.03597875,0.6013276741926983,38.03623207665845,0.0015940950091062988,2.3905295958184123e-17,0.042585353661584606,170.38400000000001,132.50646972814104,ok
0.030596850787303176,51.934,0.5096225943514121,1.9985577896796733,1524.711162,0.380914032851822,0.030596850787303176,0.3810825198700325,0.6173188154187692,0.02132989352943586,114.37400000000001,0.0,0.0285935,0.6172387329874885,39.02274104628105,0.00044212738560645194,0.0,0.030596850787303176,122.418,85.34090401127287,ok
0.02852086978255436,53.064,0.5098725318670333,1.9986111990810096,1602.7895700000008,0.4004213443935942,0.02852086978255436,0.4005972431892029,0.6329275181165714,0.019116311238218418,107.617,0.0,0.02690425,0.632906675387454,40.01704799995695,0.00043909137818365823,0.0,0.02852086978255436,114.112,76.48436126411188,ok
0.03138465383654086,54.01,0.5101224693826544,1.9995001249687578,1684.577148,0.4208568008615192,0.03138465383654086,0.4210390272431892,0.6488752015936418,0.021643075403521655,116.795,0.0,0.02919875,0.6486534970614126,41.02161826831403,0.00043280164041601657,0.0,0.03138465383654086,125.57,86.59394468949014,ok
0.03398300424893777,54.90799999999999,0.5103724068982755,1.9995001249687578,1768.1594679999998,0.44174104830478195,0.03398300424893777,0.4419293846538365,0.6647776956651272,0.02392687335684482,133.381,0.0,0.03334525,0.6647168887955234,42.024335055998776,0.00042616842326964757,0.0,0.03398300424893777,135.966,95.73142030073612,ok
0.03165258685328668,55.55799999999999,0.5106223444138965,1.9995001249687578,1852.155882,0.46273041790277253,0.03165258685328668,0.4629232396900775,0.6803846262887466,0.021469898452880262,124.006,0.0,0.0310015,0.6804517899895627,43.01799252514577,0.0004165307998666871,2.113690880380326e-17,0.03165258685328668,126.64200000000001,85.90106370997393,ok
0.041586853286678334,56.541,0.5108722819295176,1.9966691900194158,1944.0638389999995,0.4856947807011005,0.041586853286678334,0.48589448612846775,0.6970613216414089,0.03059921385425378,160.922,0.0,0.0402305,0.6971958569871167,44.04672113596223,0.00041100574933140187,0.0,0.041586853286678334,166.389,122.42745463086936,ok
0.03856810797300675,57.79499999999999,0.5111222194451387,1.9964785323601615,2031.7391129999996,0.5075991642609219,0.03856810797300675,0.5078078262934266,0.7126063613899518,0.02748696468729999,146.532,0.0,0.036633000000000006,0.7125798225462183,45.038642702420105,0.0004109074766096644,0.0,0.03856810797300675,154.311,109.97534571388726,ok
0.030838290427393156,59.02600000000001,0.5113721569607598,1.9995001249687578,2118.911652,0.5293778686655506,0.030838290427393156,0.5295955141214695,0.7277331338625922,0.019952130594818575,121.15599999999999,0.0,0.030288999999999996,0.7275843250098232,46.015229676504546,0.0004109654446001965,0.0,0.030838290427393156,123.38400000000001,79.82847450986912,ok
0.035682829292676826,60.028999999999996,0.5116220944763809,1.9995001249687578,2213.391403,0.5529844433769089,0.035682829292676826,0.5532095483629093,0.7437805781027824,0.024377063521231975,135.695,0.0,0.033923749999999996,0.7436818336829266,47.02435840600478,0.0004069072680805717,0.0,0.035682829292676826,142.767,97.53263114844913,ok
0.03458860284928768,60.95299999999999,0.511872031992002,1.9993316512005463,2308.033084999999,0.5766319670317365,0.03458860284928768,0.5768640552361908,0.7595156714882128,0.023081863357268795,132.078,0.0,0.0330195,0.7594260675009779,48.02105947570066,0.00040232738085879525,0.0,0.03458860284928768,138.389,92.35053529243245,ok
0.03271657085728568,61.79499999999999,0.5121219695076231,1.9995001249687578,2404.2129589999995,0.6006644694071418,0.03271657085728568,0.6009030139965007,0.7751793431177721,0.02106092292259229,125.26,0.0,0.031315,0.775033963126778,49.0167176805834,0.00039697685616896055,1.8550148356565242e-17,0.03271657085728568,130.899,84.26475261329175,ok
0.0332049487628093,62.797000000000004,0.5123719070232442,1.9995001249687578,2503.483145,0.6254680143970504,0.0332049487628093,0.6257143576605849,0.7910210854715473,0.02127267119219356,126.4,0.0,0.0316,0.790855267416232,50.017954218218925,0.00039369923435240474,1.8178819968520382e-17,0.0332049487628093,132.853,85.11195743996643,ok
0.07096525868532867,-29.684,0.500153711572107,1.9602137689771508,40.048788,0.009954650860653993,0.07096525868532867,0.010009694576355912,0.10004846113936941,0.0665584498666107,224.476,0.0,0.056119,0.07874451726945819,4.582441497164012,0.005499040483406618,-1.2401513820326799e-17,0.07096525868532867,283.932,266.30035791630945,qo'lni qisish
0.057165458635341164,-28.383,0.5003749062734316,1.9887162607935869,29.002729000000002,0.007198545529825992,0.057165458635341164,0.007248870032491877,0.08514029617338595,0.054092694878183946,188.07900000000004,0.0,0.047019750000000006,0.07180319108507643,4.219144243063874,0.006942392737118238,-1.3469369209489287e-17,0.057165458635341164,228.719,216.42487220761396,qo'lni qisish
0.061898775306173465,-27.585,0.5006248437890527,1.982735464096985,37.411973,0.009303121092258804,0.061898775306173465,0.009350655586103474,0.09669878792468639,0.058276154875103264,189.889,0.0,0.04747225,0.07990349022414478,4.9702796827461215,0.005248818645975792,1.1433805577419724e-17,0.061898775306173465,247.65700000000004,233.16289565528817,qo'lni qisish
0.06317370657335666,-26.411999999999995,0.5008747813046738,1.966785285433203,46.38177,0.011548966546541318,0.06317370657335666,0.011592544363909024,0.10766867865776483,0.05915712264451788,187.68200000000002,0.0,0.046920500000000004,0.09028473569768036,5.724627195923704,0.004753563798089229,0.0,0.06317370657335666,252.758,236.68764770071604,qo'lni qisish
0.05066283429142715,-25.118000000000002,0.501124718820295,1.9925916394870289,45.91916400000001,0.011437509357976676,0.05066283429142715,0.011476921769557613,0.1071303961047359,0.047487857572798386,155.856,0.0,0.038964,0.0964251886179125,6.085091783009239,0.004244605861925246,0.0,0.05066283429142715,202.70200000000003,189.99891814876634,qo'lni qisish
0.04939915021244689,-24.28,0.501374656335916,1.9916147972192153,54.45857600000001,0.013574414705246458,0.04939915021244689,0.013611241189702576,0.11666722414501245,0.04627172918220011,149.90000000000003,0.0,0.03747500000000001,0.10829789240793194,6.853019558017386,0.002705593409363527,0.0,0.04939915021244689,197.64600000000002,185.13318845798264,qo'lni qisish
0.054284178955261185,-23.383000000000003,0.501626593351662,1.9922168426120164,70.26371500000002,0.017527382652337414,0.054284178955261185,0.017561538365408653,0.1325199545932938,0.05062765916144514,160.111,0.0,0.04002775,0.12280505995275602,7.826548569520851,0.002400582610734235,0.0,0.054284178955261185,217.191,202.561264304942,qo'lni qisish
0.051923269182704325,-22.233,0.5018745313671582,1.9822387921202653,83.88406100000002,0.020934895104766673,0.051923269182704325,0.020965773806548366,0.1447956277190315,0.04820621766966607,156.61900000000003,0.0,0.03915475000000001,0.13688016565594888,8.678605988224623,0.002835649105986621,0.0,0.051923269182704325,207.745,192.87307689633394,qo'lni qisish
0.059919270182454396,-21.857,0.5021244688827793,1.987227002250312,106.53528299999998,0.02659732085436527,0.059919270182454396,0.02662716395901024,0.16317831951276568,0.055347084697634476,184.63400000000001,0.0,0.046158500000000005,0.15471429475003273,9.800987061986074,0.002168272122445776,0.0,0.059919270182454396,239.73700000000002,221.44368587523553,qo'lni qisish
0.07057885528617847,-20.386,0.5024346413396651,1.9672902660519571,137.506472,0.034342064663539194,0.07057885528617847,0.034368025993501625,0.1853861537264896,0.06452753267010099,205.72500000000002,0.0,0.051431250000000005,0.1724884220752222,11.029176045354147,0.0022778489824858868,0.0,0.07057885528617847,282.386,258.17465821307405,qo'lni qisish
0.07346463384153962,-19.664,0.5026530867283179,1.9602137689771508,160.048692,0.03997801747988397,0.07346463384153962,0.040002172456885775,0.20000543106847318,0.06700628952423213,234.49,0.0,0.0586225,0.19043555209046445,11.996371797828472,0.0018366533067595873,0.0,0.07346463384153962,293.932,268.09216438645274,qo'lni qisish
0.059669832541864545,-18.293000000000003,0.5028742814296426,1.9887162607935869,169.00286900000003,0.04221925304852243,0.059669832541864545,0.042240157210697335,0.2055241037219171,0.054464168559264704,198.10700000000003,0.0,0.04952675000000001,0.2003568510183767,12.547989622425696,0.0017702923963908354,0.0,0.059669832541864545,238.73900000000003,217.9111384056181,qo'lni qisish
0.06439315171207198,-17.681,0.5031242189452637,1.982735464096985,197.411479,0.049321005771926184,0.06439315171207198,0.04934053461634592,0.22212729372219417,0.05858432954372336,199.847,0.0,0.04996175,0.2154153296541358,13.59253201372883,0.0016708007517961048,0.0,0.06439315171207198,257.637,234.39590250443717,qo'lni qisish
0.06566833291677082,-16.386999999999993,0.5033741564608848,1.966785285433203,226.38150500000003,0.05656445597023638,0.06566833291677082,0.05658123094226444,0.23786809567965278,0.059426991078981875,197.70600000000002,0.0,0.049426500000000005,0.23057846386859288,14.579549650508831,0.0015311296116427694,1.559148613508379e-17,0.06566833291677082,262.73900000000003,237.76739130700648,qo'lni qisish
0.05317145713571608,-15.123000000000001,0.5036240939765059,1.9925916394870289,245.92029300000002,0.06145042014702524,0.05317145713571608,0.0614647070732317,0.24792076773282165,0.04774211239424947,165.912,0.0,0.041478,0.2437893250329062,15.37581185221599,0.001365654750484022,0.0,0.05317145713571608,212.73900000000003,191.01619168939212,qo'lni qisish
0.05191527118220445,-14.270999999999999,0.503874031492127,1.9916147972192153,274.4615229999999,0.06858550871417363,0.05191527118220445,0.06859823119220192,0.261912640382632,0.046509886952482545,159.93200000000004,0.0,0.03998300000000001,0.2581628274945872,16.29890855274745,0.0008956125934559974,1.3946752661137924e-17,0.05191527118220445,207.71300000000002,186.08605769688265,qo'lni qisish
0.056763309172706826,-13.364000000000004,0.5041259685078731,1.9922168426120164,310.25992599999995,0.07753443839927295,0.056763309172706826,0.07754559510122468,0.27847009731966677,0.050810557810418114,170.04500000000002,0.0,0.04251125000000001,0.2742284927756414,17.32873376471563,0.0010325988178017608,0.0,0.056763309172706826,227.11,203.29304179948286,qo'lni qisish
0.05441839540114971,-12.172,0.5043739065233691,1.9822387921202653,343.88382799999994,0.08594021441178068,0.05441839540114971,0.08594946963259184,0.2931713997520765,0.0483887545148018,166.65500000000003,0.0,0.041663750000000006,0.28937582613273,18.2799669788138,0.0012088105117014558,0.0,0.05441839540114971,217.728,193.603406813722,qo'lni qisish
0.062413146713321675,-11.841000000000005,0.5046238440389903,1.987227002250312,386.5350690000001,0.09660085614612345,0.062413146713321675,0.09660961484628845,0.31082087260396213,0.05551485609844328,194.63400000000001,0.0,0.0486585,0.30644673843916176,19.36499991703371,0.0010567774089729552,-2.347708207648617e-17,0.062413146713321675,249.71500000000003,222.11493924987158,qo'lni qisish
0.07308147963009248,-10.419,0.504934016495876,1.9672902660519571,437.5064309999999,0.10934248910091893,0.07308147963009248,0.10934927043239188,0.3306800121452639,0.06469240301889527,215.72700000000003,0.0,0.05393175000000001,0.32370070705823306,20.514084400986956,0.0011745356668033885,2.2162027004309067e-17,0.07308147963009248,292.399,258.83430447859996,qo'lni qisish
0.18917495626093478,30.417000000000005,0.524277680579855,1.6608755969124438,759.4940589999999,0.18976826251884918,0.18917495626093478,0.1898260582354411,0.435690323779908,0.15614225316829353,638.266,0.0,0.1595665,0.41420949530400675,25.113643073925424,0.003139025729213691,1.810305622028123e-17,0.18917495626093478,756.889,624.7251549263424,qo'lni qisish
0.2127595601099725,33.967000000000006,0.5310734816295926,1.3422280416055696,876.387769,0.2189701079279043,0.2127595601099725,0.21904218170457387,0.46801942449493894,0.17356958713887563,682.6569999999999,0.0,0.17066425,0.4277180680658697,26.653809179429636,0.0035608407013339193,0.0,0.2127595601099725,851.251,694.4519181426414,qo'lni qisish
0.18760134966258438,31.79900000000001,0.5214398900274931,1.4089170364869417,824.8640550000002,0.2061013056941962,0.18760134966258438,0.2061644726318421,0.4540533808175445,0.1554132435079632,582.833,0.0,0.14570824999999998,0.4203798481730541,26.394818599140795,0.0044513929184992265,0.0,0.18760134966258438,750.5930000000001,621.8083872753608,qo'lni qisish
0.19354636340914774,32.50699999999999,0.5237605598600349,1.3687034911479579,889.0136590000001,0.22213185422777018,0.19354636340914774,0.2221978652836791,0.47137868564847,0.1597448208530372,594.236,0.0,0.148559,0.4358275083103406,27.567132037457835,0.002659000523812435,0.0,0.19354636340914774,774.3790000000001,639.1390282330019,qo'lni qisish
0.1513566608347913,36.474,0.5171224693826544,1.6463747912840585,836.8244660000003,0.20907072255867548,0.1513566608347913,0.20915382804298932,0.45733338828800735,0.12624498667790313,481.45899999999995,0.0,0.12036474999999999,0.43362082024506154,27.376116306662382,0.00313246806722417,0.0,0.1513566608347913,605.578,505.10619169829044,qo'lni qisish
0.22085403649087726,32.437000000000005,0.5396943264183954,1.4418151110810151,1121.680027,0.2802841922022619,0.22085403649087726,0.2803499192701825,0.5294808016068028,0.17734801614731158,644.353,0.0,0.16108825,0.4771690693559255,30.50694823817177,0.004308628319027315,0.0,0.22085403649087726,883.637,709.5694126053936,qo'lni qisish
0.22655411147213197,37.579,0.5365618595351163,1.384394288549832,1158.419819,0.289444354393656,0.22655411147213197,0.2895325716070982,0.5380823093236742,0.18296981423016698,693.5730000000001,0.0,0.17339325000000003,0.49360239996377653,31.330630742284917,0.0032697056752956696,1.4510837531584025e-17,0.22655411147213197,906.443,732.0622267348981,qo'lni qisish
0.22645713571607096,34.969000000000015,0.5387913021744564,1.3639151291594749,1230.8739590000005,0.307565190619241,0.22645713571607096,0.30764157935516134,0.5546544684352244,0.1815927821216415,661.187,0.0,0.16529675,0.5043557635736902,32.20373711215175,0.007783520026776887,0.0,0.22645713571607096,906.055,726.5527212686877,qo'lni qisish
0.21451062234441387,38.35100000000001,0.5350094976255937,1.3850799031215704,1241.981119,0.31032579632634966,0.21451062234441387,0.3104176753311672,0.5571513935468233,0.17300178755013515,638.53,0.0,0.15963249999999998,0.5141275809563226,32.693815499447545,0.0024352959903593484,1.3905801006035242e-17,0.21451062234441387,858.257,692.1801519880908,qo'lni qisish
0.2226385903524119,37.501000000000005,0.5403729067733067,1.3734839002071526,1346.629611,0.3364854080537602,0.2226385903524119,0.3365732594351412,0.5801493423551742,0.17753439888989112,673.082,0.0,0.1682705,0.5373053768575186,34.171589736812535,0.0025763724150902893,0.0,0.2226385903524119,890.777,710.3151299584543,qo'lni qisish
0.19608822794301425,43.447,0.5324628842789303,1.4787592376774588,1312.2298250000001,0.3278575437380345,0.19608822794301425,0.32797546238440395,0.5726914198627424,0.15842296962835536,584.574,0.0,0.14614349999999998,0.536566501470228,34.04199486349825,0.005694195928170812,0.0,0.19608822794301425,784.549,633.8503014830499,qo'lni qisish
0.20723294176455886,40.861000000000004,0.5327798050487378,1.45660820145501,1396.0631009999993,0.34882424393776584,0.20723294176455886,0.3489285431142213,0.5907017378628755,0.1672737849639184,616.6800000000001,0.0,0.15417000000000003,0.5548760194854343,35.211879066584096,0.0028518519678411287,-2.5822745307267253e-17,0.20723294176455886,829.139,669.2624136406375,qo'lni qisish
0.19297450637340666,43.471,0.527281679580105,1.477241981494129,1404.3052209999992,0.3508705091522672,0.19297450637340666,0.3509885581104722,0.5924428732886169,0.15713102835794435,575.953,0.0,0.14398824999999998,0.5616945520031326,35.59100111116451,0.0032449840233677203,2.5547676562586753e-17,0.19297450637340666,772.091,628.6812444601353,qo'lni qisish
0.19128742814296423,43.657,0.5285528617845539,1.5323285433015654,1478.746917,0.3694752693523694,0.19128742814296423,0.36959433066733316,0.6079427034411493,0.15488724322034297,566.624,0.0,0.141656,0.5765692989572025,36.4431244634319,0.002652651253615789,0.0,0.19128742814296423,765.3409999999999,619.7038601245922,qo'lni qisish
0.21669032741814545,45.99,0.5320559860034991,1.3306083589543753,1606.72049,0.4014476011333333,0.21669032741814545,0.40157972756810795,0.6337031857014038,0.17466308789636478,651.19,0.0,0.1627975,0.6026155320766301,37.954960834413605,0.0022045939865034283,0.0,0.21669032741814545,866.978,698.8270146733555,qo'lni qisish
0.1968000499875031,45.89899999999999,0.5317558110472381,1.5292234047367939,1643.8361989999999,0.41072473158878503,0.1968000499875031,0.4108563356660834,0.6409807607612599,0.15822506745649087,562.422,0.0,0.1406055,0.606998971168815,38.81551348515316,0.0014724665758165713,2.342536020486987e-17,0.1968000499875031,787.3969999999999,633.05849489342,qo'lni qisish
0.2067433141714571,45.390000000000015,0.5305198700324918,1.4138292311451006,1719.2857159999992,0.42958529910236765,0.2067433141714571,0.42971400049987485,0.6555257435828702,0.16681316423776288,626.265,0.0,0.15656625,0.626692985639699,39.67803498181382,0.0020571811457111107,0.0,0.2067433141714571,827.18,667.4194701152893,qo'lni qisish
0.19467358160459883,46.735,0.5265041239690078,1.4634709995020616,1755.691259,0.4386766696874895,0.19467358160459883,0.438813111472132,0.6624297030418639,0.15775301502355515,585.4110000000001,0.0,0.14635275,0.6366368829639076,40.26173321218363,0.0016622545485168393,0.0,0.19467358160459883,778.8889999999999,631.1698131092442,qo'lni qisish
0.1646243439140215,50.82599999999999,0.519049487628093,1.5523450331493607,1738.0337639999998,0.4342384665947983,0.1646243439140215,0.43439984103974,0.6590901615406954,0.1353195939409337,492.872,0.0,0.12321800000000001,0.6406747138759262,40.50752903446588,0.0018579692949462837,0.0,0.1646243439140215,658.662,541.4136953576758,qo'lni qisish
0.18794901274681328,51.657999999999994,0.5232174456385904,1.4661018476635528,1877.1484459999997,0.46900311809588235,0.18794901274681328,0.46916981904523863,0.6849597207465842,0.15310289554033996,553.303,0.0,0.13832575,0.6619603358585769,41.87199569774928,0.0024177118044554392,0.0,0.18794901274681328,751.9839999999999,612.5646850569002,qo'lni qisish
0.12842314421394652,51.37900000000001,0.5129845038740315,1.8243979450182444,1796.964657,0.44896397688980666,0.12842314421394652,0.44912888202949264,0.6701707857177099,0.10741683827302131,411.653,0.0,0.10291325000000001,0.6645509779166682,41.71786547053153,0.0017505559449062108,0.0,0.12842314421394652,513.821,429.7747699303583,qo'lni qisish
0.16284728817795552,52.55,0.5165093726568358,1.6946451117944086,1949.1933620000002,0.4870040387217618,0.16284728817795552,0.4871765463634092,0.6979803337941616,0.13524045372086166,539.665,0.0,0.13491625,0.6878853045748251,43.163953598334345,0.0011699081449240306,0.0,0.16284728817795552,651.552,541.0970553371675,qo'lni qisish
0.12342839290177454,53.626999999999995,0.5135321169707573,1.8683810717528067,1957.5852689999997,0.4890943476415325,0.12342839290177454,0.48927399875031236,0.699481235452612,0.10275334550848064,405.93399999999997,0.0,0.10148349999999999,0.6936048871655967,43.65584441895686,0.0012005029026996132,2.0828079196009357e-17,0.12342839290177454,493.83699999999993,411.11613537943106,qo'lni qisish
0.13140364908772806,54.03400000000001,0.5123686578355411,1.7775451080056779,2046.4971559999997,0.5113140265296084,0.13140364908772806,0.5114964148962758,0.7151897754416486,0.1099516727714371,426.496,0.0,0.106624,0.7089244667099591,44.63309508797533,0.0015643418879535526,2.0372044177856348e-17,0.13140364908772806,525.746,439.9166427585198,qo'lni qisish
0.1378182954261435,55.70299999999999,0.5128145463634091,1.7852594892079279,2141.546801,0.5350590574420879,0.1378182954261435,0.5352528870282429,0.73160979150654,0.11549571490999981,458.046,0.0,0.1145115,0.7258094006004607,45.63569686364283,0.0018991819440076414,0.0,0.1378182954261435,551.4110000000001,462.09835535490924,qo'lni qisish
0.11756485878530366,57.17900000000001,0.512166958260435,1.8759721315765785,2200.009857,0.5496607602545753,0.11756485878530366,0.5498649980004999,0.7415288247940871,0.09815648781991797,367.23199999999997,0.0,0.09180799999999999,0.7365137829667548,46.43476109090574,0.0036291576442845108,0.0,0.11756485878530366,470.37699999999995,392.7241077674918,qo'lni qisish
0.14504998750312423,57.973000000000006,0.5156893276680831,1.7700514105415162,2350.804675,0.5873443308721683,0.14504998750312423,0.5875542801799549,0.766520893505164,0.12015328082068848,455.99,0.0,0.1139975,0.7563260229557093,47.80764034452304,0.000982605495128237,0.0,0.14504998750312423,580.345,480.7332765635746,qo'lni qisish
0.09924293926518368,58.75300000000001,0.5132609347663085,1.9569329748605089,2371.472560999999,0.5925043234037779,0.09924293926518368,0.5927199602599348,0.7698830822014047,0.08122295499909962,309.37300000000005,0.0,0.07734325000000002,0.7658349905495309,48.34156191458746,0.0013961766285719446,1.8809226448521467e-17,0.09924293926518368,397.0709999999999,324.9730429513976,qo'lni qisish
0.11513021744563859,60.197999999999986,0.51344063984004,1.8284246473372907,2485.801916,0.6210687809622202,0.11513021744563859,0.6212951552111972,0.7882227827278258,0.0950106594719963,352.761,0.0,0.08819025000000001,0.781375263397812,49.45076559406483,0.0014438434961249508,0.0,0.11513021744563859,460.63599999999997,380.1376485474572,qo'lni qisish
0.10815571107223194,60.978999999999985,0.5130179955011247,1.9188320600585922,2569.5077770000003,0.6419841039075398,0.10815571107223194,0.6422163901524619,0.8013840466046612,0.08922180346041945,345.57000000000005,0.0,0.08639250000000001,0.7973038755706634,50.3373271123353,0.0025188107666331253,-1.806348165641632e-17,0.10815571107223194,432.731,356.9764356451382,qo'lni qisish
0.038699075231192204,-29.265,0.5001249687578105,1.9959142847536053,14.036751000000002,0.003454809911993384,0.038699075231192204,0.0035083106723319177,0.0592309941865905,0.03712055531247677,126.45700000000001,0.0,0.03161425,0.04837639662066615,2.793723191803645,0.0152497214002351,0.0,0.038699075231192204,154.835,148.51934180521957,yoyish
0.033801049737565605,-28.322000000000003,0.5003749062734316,1.9981531874904306,13.153947999999998,0.0032375566608222983,0.033801049737565605,0.003287665083729067,0.05733816428635527,0.03250303627498664,109.934,0.0,0.0274835,0.050032504434617306,3.026720166835178,0.01524134047435701,1.8775839332824982e-17,0.033801049737565605,135.238,130.04464813622153,yoyish
0.029916520869782554,-26.718,0.5006248437890527,1.9989335427640216,16.524182,0.004085419575998277,0.029916520869782554,0.004130012996750812,0.06426517717046154,0.02863169305652812,92.28,0.0,0.02307,0.05757348782208701,3.645607929292382,0.010797404460377658,0.0,0.029916520869782554,119.696,114.55540391916901,yoyish
0.028692326918270436,-26.412,0.5008747813046738,1.999332712622894,22.34547000000001,0.005541393439818001,0.028692326918270436,0.005584971257185706,0.07473266526215766,0.027343845658428904,93.17500000000001,0.0,0.023293750000000002,0.07103466583295794,4.426833690831999,0.007802693220960578,0.0,0.028692326918270436,114.79800000000002,109.40272647937404,yoyish
0.0266753311672082,-25.158,0.501124718820295,1.9995001249687578,30.442828,0.007569266760040809,0.0266753311672082,0.0076088047988003,0.08722846323763993,0.025228742168244722,86.92600000000002,0.0,0.021731500000000004,0.08457126580582791,5.293664293762206,0.005196353409634966,-2.1470651860142807e-17,0.0266753311672082,106.72800000000001,100.94019741514714,yoyish
0.026713321669582606,-24.26,0.501374656335916,1.9995001249687578,41.138285999999994,0.010245235159967812,0.026713321669582606,0.010282000999750062,0.10140020216819128,0.025088675539184913,84.39100000000002,0.0,0.021097750000000005,0.09882420629582613,6.235759495769735,0.00357574754010796,1.8226877286229783e-17,0.026713321669582606,106.88000000000001,100.37979083227884,yoyish
0.022552361909522627,-23.156,0.5016245938515371,1.9995001249687578,52.47785200000001,0.013082688182990496,0.022552361909522627,0.0131161839540115,0.11452590953147458,0.020905174964318034,73.83800000000001,0.0,0.018459500000000004,0.11330601925758403,7.1383469362434075,0.0025537741113153068,1.5922232994695327e-17,0.022552361909522627,90.23200000000003,83.64160503223646,yoyish
0.030361409647588107,-22.384000000000004,0.5018745313671582,1.9992267656030254,71.05651600000002,0.017728389513468917,0.030361409647588107,0.01775968907773057,0.13326548344462857,0.02808200193472314,98.709,0.0,0.02467725,0.13064640733674998,8.229726695055303,0.0017623937065933159,-1.3810716604249673e-17,0.030361409647588107,121.47600000000001,112.35608974082729,yoyish
0.028712321919520122,-20.996000000000002,0.5021244688827793,1.9995001249687578,86.50678199999999,0.021593751947291868,0.028712321919520122,0.02162129017745563,0.14704179738243012,0.026383012049310713,94.66000000000001,0.0,0.023665000000000002,0.14562459613677906,9.17239504057132,0.0012736626694225966,0.0,0.028712321919520122,114.87800000000001,105.55843120929217,yoyish
0.03556085978505374,-20.491000000000007,0.5023744063984004,1.9986020464860041,109.22331899999999,0.027272775547552752,0.03556085978505374,0.02729900499875031,0.16522410538039028,0.032588434316080016,111.04700000000001,0.0,0.02776175,0.1622001888100011,10.245556222493367,0.0013614344793859076,-2.2186872171236217e-17,0.03556085978505374,142.279,130.38632569863614,yoyish
0.04121119720069983,-19.308,0.5026243439140214,1.9959142847536053,134.03796600000004,0.033477827937541976,0.04121119720069983,0.033501116220944774,0.18303310143508134,0.03758098038919783,136.47500000000002,0.0,0.03411875,0.17969018267562645,11.302604554703466,0.0015138512195811418,-2.0111899441538764e-17,0.04121119720069983,164.88600000000002,150.3615025371805,yoyish
0.036289427643089234,-18.298,0.5028742814296426,1.9981531874904306,153.15286600000002,0.03825773124714321,0.036289427643089234,0.03827864683829043,0.19564929552209082,0.03285866485775333,119.91600000000001,0.0,0.029979000000000002,0.19372905693261397,12.205120932332521,0.0010356473755122014,1.862471068430713e-17,0.036289427643089234,145.19400000000002,131.46751809587107,yoyish
0.03241914521369658,-16.731,0.5031242189452637,1.9989335427640216,176.524447,0.0441025950764246,0.03241914521369658,0.04412008172956761,0.2100478081998658,0.02894802198383335,102.286,0.0,0.0255715,0.20836082885225812,13.154351035873674,0.0009164105541926977,0.0,0.03241914521369658,129.709,115.82103595731724,yoyish
0.031189952511872034,-16.405,0.5033741564608848,1.999332712622894,202.34524099999993,0.05055685498870223,0.031189952511872034,0.05057366683329166,0.22488589736417813,0.027616708765325376,103.17500000000001,0.0,0.025793750000000004,0.2238412478744702,14.11732299344622,0.0007959195133542084,-1.6101979556407613e-17,0.031189952511872034,124.79100000000001,110.49445177006683,yoyish
0.029178705323669084,-15.174000000000003,0.5036240939765059,1.9995001249687578,230.443234,0.057582025948024376,0.029178705323669084,0.05759640939765059,0.23999251946185862,0.025477837229829343,96.92000000000002,0.0,0.024230000000000005,0.23915421175467516,15.094383183061154,0.0006551443153200718,3.011939520480281e-17,0.029178705323669084,116.744,101.9368267565472,yoyish
0.029209697575606104,-14.248000000000001,0.503874031492127,1.9995001249687578,261.13794399999995,0.0652554874553044,0.029209697575606104,0.06526816895776055,0.2554763569447485,0.02530748867734742,94.39100000000002,0.0,0.023597750000000004,0.2546374064233297,16.08736021797187,0.0005469591829902482,1.413015206669699e-17,0.029209697575606104,116.86800000000002,101.25526219806703,yoyish
0.025050737315671086,-13.134000000000004,0.504123969007748,1.9995001249687578,292.47778799999986,0.07309039572348851,0.025050737315671086,0.0731011717070732,0.27037228354081194,0.021106865031061527,83.82400000000001,0.0,0.020956000000000002,0.26975408615996904,17.056382067344476,0.00048183494058788454,0.0,0.025050737315671086,100.22800000000002,84.44856698927717,yoyish
0.03286328417895527,-12.412000000000004,0.5043739065233691,1.9992267656030254,331.0566759999998,0.08273385933271737,0.03286328417895527,0.08274348312921764,0.28765166978346857,0.028271238405134777,108.71700000000003,0.0,0.027179250000000005,0.28670098665683036,18.100818016212482,0.0005535599098986684,2.5116748428504362e-17,0.03286328417895527,131.48600000000002,113.11322485894425,yoyish
0.03120994751312172,-10.989,0.5046238440389903,1.9995001249687578,366.50670900000006,0.0915962326956376,0.03120994751312172,0.09160377630592353,0.3026611575771221,0.02655451507059613,104.65200000000002,0.0,0.026163000000000002,0.3019544642822821,19.081152576524996,0.0005782339623828634,4.7652644738313273e-17,0.03120994751312172,124.87100000000001,106.24461479745511,yoyish
0.038059485128717825,-10.493999999999994,0.5048737815546114,1.9986020464860041,409.2236719999999,0.10227346860085781,0.038059485128717825,0.10228034791302172,0.3198129889685873,0.03274925791771921,121.045,0.0,0.03026125,0.3184712761773029,20.120503051519773,0.0007230676196854791,0.0,0.038059485128717825,152.276,131.02978092879457,yoyish
0.05222394401399651,33.46399999999999,0.5051304673831543,1.992409075061902,459.1440179999999,0.11468736019706645,0.05222394401399651,0.11475731517120717,0.3387584909211977,0.04568717210210327,164.14700000000002,0.0,0.041036750000000004,0.3352252142217229,21.217302538906402,0.002192395537623442,0.0,0.05222394401399651,208.94800000000004,182.79437558051518,yoyish
0.051062984253936516,34.641,0.5054356410897276,1.9927537496718044,501.1233229999999,0.12517455592625215,0.051062984253936516,0.12524951837040738,0.35390608693607883,0.04441069805461227,158.21000000000004,0.0,0.03955250000000001,0.35124010946929163,22.196561535902028,0.0023836719293878405,0.0,0.051062984253936516,204.303,177.6872029165037,yoyish
0.04893401649587604,35.54900000000001,0.5056235941014746,1.9958520271206879,543.607189,0.13578888655666624,0.04893401649587604,0.13586783029242688,0.36860253701300927,0.04229570712149653,152.247,0.0,0.038061750000000005,0.3663441179410419,23.15828659762102,0.0022509124872089805,0.0,0.04893401649587604,195.78500000000003,169.2251241931076,yoyish
0.05164258935266184,36.89800000000001,0.5058735316170957,1.9980264956411484,592.2423,0.1479385202372239,0.05164258935266184,0.14802356910772307,0.38473831250308704,0.04458076271446026,160.594,0.0,0.0401485,0.38268358992776264,24.180332656920744,0.001965267180111526,0.0,0.05164258935266184,206.622,178.3676316205555,yoyish
0.04349862534366409,37.682,0.5061234691327168,1.9973134366839431,635.1044380000001,0.15864772392967746,0.04349862534366409,0.1587364253936516,0.39841740096744216,0.036882331167588635,123.174,0.0,0.0307935,0.3967354200219588,25.10837873835281,0.0015161970714344,0.0,0.04349862534366409,174.038,147.56620700152212,yoyish
0.04777055736065984,38.41799999999999,0.506373406648338,1.9988213048743562,688.7813500000001,0.1720600991108134,0.04777055736065984,0.17215229942514373,0.4149123997003991,0.04061067634859694,139.96500000000003,0.0,0.03499125000000001,0.41332750846030086,26.13480217204986,0.001173435284133785,0.0,0.04777055736065984,191.13000000000002,162.48331607073635,yoyish
0.04635216195951013,39.455,0.506623344163959,1.9972351926702152,741.6343090000001,0.1852649917553104,0.04635216195951013,0.18536223669082733,0.43053714902529294,0.03897856961173062,142.17900000000003,0.0,0.03554475000000001,0.42921415313337474,27.131431556198127,0.0006525178044022356,0.0,0.04635216195951013,185.455,155.95325701653422,yoyish
0.04419245188702825,40.992000000000004,0.5068732816795801,1.9979899722176429,795.053726,0.19860878404880153,0.04419245188702825,0.19871375306173455,0.4457732081022081,0.03675144052080329,131.59300000000002,0.0,0.032898250000000004,0.4448388182814085,28.109130621853264,0.0006935226461400018,0.0,0.04419245188702825,176.81400000000002,147.042513523734,yoyish
0.05067858035491127,41.49300000000001,0.5072639340164959,1.9939740545368532,858.1794029999999,0.21438367740944045,0.05067858035491127,0.2144912279430142,0.46313197680900225,0.04237195932473394,154.858,0.0,0.0387145,0.46145339851386946,29.150574226733163,0.0011657221616848243,1.5596045859241313e-17,0.05067858035491127,202.765,169.5302092582605,yoyish
0.04827593101724569,42.408,0.5074493876530868,1.9969497014961455,915.4832640000001,0.22870126637298438,0.04827593101724569,0.22881361259685082,0.4783446587941072,0.039904411460583336,150.93900000000002,0.0,0.037734750000000004,0.47663754704177475,30.12304176641528,0.001899032031811004,0.0,0.04827593101724569,193.15200000000002,159.65755025379391,yoyish
0.052390402399400154,43.08200000000001,0.5076945763559111,1.987005479057004,978.4839760000001,0.2444439083463326,0.052390402399400154,0.24455985403649091,0.4945299323969085,0.04354276329142193,164.84000000000003,0.0,0.04121000000000001,0.4925597060255742,31.125569712969583,0.0019864219269087476,1.460643762205287e-17,0.052390402399400154,209.614,174.21459592897915,yoyish
0.07463809047738065,44.550999999999995,0.5084286428392901,1.9519928863385254,1064.7313669999996,0.26599232519825566,0.07463809047738065,0.26611631267183194,0.5158646263040644,0.06316415207035136,242.33100000000002,0.0,0.060582750000000005,0.5118511910213749,32.32418607378597,0.0014689741414889532,0.0,0.07463809047738065,298.627,252.7197724334758,yoyish
0.06076330917270683,45.958000000000006,0.5081757060734816,1.981774893848395,1113.2428500000003,0.27810920958125895,0.06076330917270683,0.2782411522119471,0.527485689106299,0.05070123573831254,188.14700000000002,0.0,0.04703675,0.5249102197042841,33.17586470053189,0.002138549144952135,0.0,0.06076330917270683,243.11400000000003,202.85564418898846,yoyish
0.05526968257935516,46.23,0.5083861534616345,1.9916169176120115,1173.882984,0.29326388760745314,0.05526968257935516,0.2933973966508373,0.5416616994497925,0.045630057257255885,176.065,0.0,0.04401625,0.5396220026555626,34.11992273424293,0.0018818436662328803,0.0,0.05526968257935516,221.13400000000001,182.5658590862808,yoyish
0.06501099725068733,47.352999999999994,0.5086445888527868,1.9729678280254979,1254.2548950000003,0.3133452782946478,0.06501099725068733,0.31348535241189707,0.5598976267246514,0.05393888084983397,206.507,0.0,0.05162675,0.55685334357441,35.206559187530004,0.0015630228120330058,0.0,0.06501099725068733,260.10900000000004,215.8094622801857,yoyish
0.05382204448887778,48.627999999999986,0.5089367658085479,1.9966774757197978,1314.106202,0.32829672060977494,0.05382204448887778,0.32844443939015244,0.573100723599397,0.04370131019937849,169.245,0.0,0.04231125,0.5713981140588408,36.122880377434825,0.001382909772064116,2.5171508346679243e-17,0.05382204448887778,215.34199999999998,174.84894210771336,yoyish
0.057503124218945274,49.70600000000002,0.5094821294676332,1.984232375750726,1392.5001640000005,0.34788369076988446,0.057503124218945274,0.3480380314921271,0.5899474819779529,0.046629169058111146,175.726,0.0,0.0439315,0.5874606548527314,37.16144536839736,0.0006931237938115271,2.446803066761098e-17,0.057503124218945274,230.07000000000005,186.5633054015027,yoyish
0.06339665083729067,50.058,0.509372656835791,1.995170909237824,1464.8773739999997,0.36597127711386346,0.06339665083729067,0.36612781154711316,0.6050849622549821,0.05241464389579303,179.49800000000002,0.0,0.044874500000000005,0.602996706873263,38.15879506449253,0.001335724693331475,0.0,0.06339665083729067,253.64999999999998,209.7109902270679,yoyish
0.05671357160709822,51.271,0.5096225943514121,1.9935853211465941,1538.3035270000003,0.38431554921104755,0.05671357160709822,0.3844797618095477,0.6200643207035442,0.04590527870699135,181.05599999999998,0.0,0.045264,0.6190095992793649,39.12478639314186,0.0004504731253621327,0.0,0.05671357160709822,226.911,183.6670201066724,yoyish
0.057014496375906026,52.297000000000004,0.5099322669332667,1.9928916122006741,1619.3167189999995,0.40455714717346675,0.057014496375906026,0.40472799775056223,0.6361823620240994,0.04577885000985943,184.112,0.0,0.046028,0.635110158555191,40.12550449276454,0.0005421142020363173,0.0,0.057014496375906026,228.115,183.16117888944757,yoyish
0.08097075731067233,53.535999999999994,0.5102389402649338,1.9598426101422657,1721.433406,0.43007174687895133,0.08097075731067233,0.4302507888027993,0.6559350492257593,0.06721969458156983,256.116,0.0,0.064029,0.6541215846461571,41.26194588856472,0.0022410097658323623,0.0,0.08097075731067233,323.964,268.9459980208609,yoyish
0.08266308422894277,54.339,0.5104711322169457,1.948250824212842,1806.8861149999996,0.4514241733989148,0.08266308422894277,0.45160862659335155,0.6720183231083446,0.06842977138062095,264.941,0.0,0.06623525,0.6695458399168795,42.254812780404684,0.0014455416908310118,2.1518670302767538e-17,0.08266308422894277,330.735,273.78751529386443,yoyish
0.0848032991752062,55.40999999999998,0.5108902774306424,1.9377228722999205,1894.1733599999995,0.47323318790772184,0.0848032991752062,0.4734249837540614,0.6880588519553116,0.07011133637068222,268.28,0.0,0.06706999999999999,0.6857164796765497,43.26885921561648,0.0014813183547585246,0.0,0.0848032991752062,339.298,280.51545681909954,yoyish
0.07297075731067233,56.41,0.5110117470632342,1.9813573548314998,1969.788464,0.49212525388797757,0.07297075731067233,0.49232403499125216,0.7016580613028345,0.05923799650704495,222.49300000000005,0.0,0.05562325000000001,0.6998935967345323,44.20795413476013,0.0013029186384851178,0.0,0.07297075731067233,291.956,237.01122402468684,yoyish
0.07253586603349164,57.44600000000001,0.5113471632091977,1.9942028240128171,2055.2217999999993,0.5134708811477461,0.07253586603349164,0.5136770307423143,0.7167126556314701,0.058910888138155,204.089,0.0,0.05102225,0.7142405513900761,45.17484151954583,0.0023443512100963545,2.012773823530257e-17,0.07253586603349164,290.21600000000007,235.70246344075818,yoyish
0.09433691577105724,58.23400000000001,0.5117778055486129,1.926253136572143,2171.0046980000006,0.542403676632829,0.09433691577105724,0.5426155206198452,0.7366244094651258,0.07789493504562238,281.418,0.0,0.0703545,0.7328695504658383,46.30252173250018,0.002076790363253435,0.0,0.09433691577105724,377.442,311.65763511753516,yoyish
0.07066483379155211,59.268000000000015,0.5117070732316921,1.981113778260009,2236.8321619999992,0.5588488396732356,0.07066483379155211,0.5590682734316419,0.7477086821962428,0.05679028526931255,203.83100000000002,0.0,0.05095775,0.7458186285887475,47.16111853192852,0.0015794151293248297,0.0,0.07066483379155211,282.73,227.2179313625195,yoyish
0.09425968507873031,59.78699999999998,0.5121997000749813,1.9453408314692133,2358.863637000001,0.5893452234459507,0.09425968507873031,0.58956851712072,0.7678336519850637,0.07734327983362771,284.655,0.0,0.07116375,0.7644628416411092,48.287789890868495,0.0027381262162832704,3.76603438252884e-17,0.09425968507873031,377.133,309.4504626143445,yoyish
0.08886978255436141,60.96799999999999,0.5126098475381156,1.9677708091097694,2449.7107120000005,0.6120424068993998,0.08886978255436141,0.6122746093476632,0.7824797820695837,0.07237461921983021,263.172,0.0,0.065793,0.7796673332261652,49.275605664077744,0.0012436455825653228,1.8452688154162227e-17,0.08886978255436141,355.568,289.57085149854066,yoyish
0.094711072231942,63.671,0.5130664833791552,1.9466688139730877,2558.5047329999993,0.6392130685456605,0.094711072231942,0.6394663166708321,0.7996663783546436,0.07702628708317814,294.437,0.0,0.07360925,0.7967691969761381,50.28984341658229,0.0018615161853085065,0.0,0.094711072231942,378.93899999999996,308.1821746197958,yoyish
